"Gene","Koeffizient","SYMBOL","GENENAME"
"1110_at",0.366818413546542,"TRDC","T cell receptor delta constant"
"35016_at",-0.381561641559604,"CD74","CD74 molecule"
"38147_at",0.799731509587527,"SH2D1A","SH2 domain containing 1A"
"38242_at",-0.0457694197164984,"BLNK","B cell linker"
"38319_at",1.02637757174495,"CD3D","CD3 delta subunit of T-cell receptor complex"
"38833_at",-0.0897524379056479,"HLA-DPA1","major histocompatibility complex, class II, DP alpha 1"
"39389_at",-0.0972394091642112,"CD9","CD9 molecule"
"39839_at",-0.0990690307741446,"YBX3","Y-box binding protein 3"
"40570_at",-0.0721543242942794,"FOXO1","forkhead box O1"
"41164_at",-0.208179273307187,"IGHM","immunoglobulin heavy constant mu"
